Workbook

Sheet Sheet1
A1: 帧数 | B1: Cobb角 | C1: 力值
A2: 1 | B2: 31.8 | C2: 0.34
A3: 2 | B3: 29.96 | C3: 13.76
A4: 3 | B4: 28.53 | C4: 61.18
A5: 4 | B5: 28.05 | C5: 105.97
A6: 5 | B6: 26.99 | C6: 135.06
A7: 6 | B7: 25.97 | C7: 153.14
A8: 7 | B8: 21.8 | C8: 161.67
A9: 8 | B9: 20.84 | C9: 167.01
A10: 9 | B10: 19.87 | C10: 169.02
A11: 10 | B11: 20.36 | C11: 169.64
A12: 11 | B12: 19.46 | C12: 176.34
A13: 12 | B13: 11.25 | C13: 189.12
... A21: 20 | B21: 2.03 | C21: 213.74

Sheet Sheet2
A1: 34 | B1: =A1/100 -> 0.34 | C1: {=INDEX(B$1:B$195,(ROW(Sheet1!A1)-1)*5+1)} -> 0.34
A2: 20 | B2: =A2/100 -> 0.2 | C2: {=INDEX(B$1:B$195,(ROW(Sheet1!A2)-1)*5+1)} -> 13.76
A3: 129 | B3: =A3/100 -> 1.29 | C3: {=INDEX(B$1:B$195,(ROW(Sheet1!A3)-1)*5+1)} -> 61.18
A4: 342 | B4: =A4/100 -> 3.42 | C4: {=INDEX(B$1:B$195,(ROW(Sheet1!A4)-1)*5+1)} -> 105.97
A5: 769 | B5: =A5/100 -> 7.69 | C5: {=INDEX(B$1:B$195,(ROW(Sheet1!A5)-1)*5+1)} -> 135.06
A6: 1376 | B6: =A6/100 -> 13.76 | C6: {=INDEX(B$1:B$195,(ROW(Sheet1!A6)-1)*5+1)} -> 153.14
A7: 2308 | B7: =A7/100 -> 23.08 | C7: {=INDEX(B$1:B$195,(ROW(Sheet1!A7)-1)*5+1)} -> 161.67
A8: 3269 | B8: =A8/100 -> 32.69 | C8: {=INDEX(B$1:B$195,(ROW(Sheet1!A8)-1)*5+1)} -> 167.01
A9: 4378 | B9: =A9/100 -> 43.78 | C9: {=INDEX(B$1:B$195,(ROW(Sheet1!A9)-1)*5+1)} -> 169.02
A10: 5326 | B10: =A10/100 -> 53.26 | C10: {=INDEX(B$1:B$195,(ROW(Sheet1!A10)-1)*5+1)} -> 169.64
A11: 6118 | B11: =A11/100 -> 61.18 | C11: {=INDEX(B$1:B$195,(ROW(Sheet1!A11)-1)*5+1)} -> 176.34
A12: 7039 | B12: =A12/100 -> 70.39 | C12: {=INDEX(B$1:B$195,(ROW(Sheet1!A12)-1)*5+1)} -> 189.12
... A195: 37 | B195: =A195/100 -> 0.37 | C195: {=INDEX(B$1:B$195,(ROW(Sheet1!A195)-1)*5+1)} -> #REF!

Sheet Sheet3
